{
  "lang":"en",
  "name":"pipeline",
  "version":"0.0.0",
  "spacy_version":">=3.8.2,<3.9.0",
  "description":"",
  "author":"",
  "email":"",
  "url":"",
  "license":"",
  "spacy_git_version":"63f1b53",
  "vectors":{
    "width":0,
    "vectors":0,
    "keys":0,
    "name":null,
    "mode":"default"
  },
  "labels":{
    "tok2vec":[

    ],
    "ner":[
      "B-DES",
      "B-EMAIL",
      "B-NAME",
      "B-ORG",
      "B-PHOE",
      "B-PHONE",
      "B-WEB",
      "DES",
      "EMAIL",
      "I-DE",
      "I-DES",
      "I-EMAIL",
      "I-NAME",
      "I-OR",
      "I-ORG",
      "I-PHONE",
      "I-WEB",
      "NAME",
      "ORG",
      "PHONE",
      "WEB"
    ]
  },
  "pipeline":[
    "tok2vec",
    "ner"
  ],
  "components":[
    "tok2vec",
    "ner"
  ],
  "disabled":[

  ],
  "performance":{
    "ents_f":0.5458248473,
    "ents_p":0.6118721461,
    "ents_r":0.4926470588,
    "ents_per_type":{
      "B-NAME":{
        "p":0.5555555556,
        "r":0.5882352941,
        "f":0.5714285714
      },
      "I-NAME":{
        "p":0.7307692308,
        "r":0.7307692308,
        "f":0.7307692308
      },
      "B-DES":{
        "p":0.625,
        "r":0.5882352941,
        "f":0.6060606061
      },
      "I-DES":{
        "p":0.5833333333,
        "r":0.6086956522,
        "f":0.5957446809
      },
      "I-ORG":{
        "p":0.5740740741,
        "r":0.4769230769,
        "f":0.5210084034
      },
      "B-PHONE":{
        "p":0.68,
        "r":0.4473684211,
        "f":0.5396825397
      },
      "I-PHONE":{
        "p":0.5263157895,
        "r":0.4,
        "f":0.4545454545
      },
      "B-EMAIL":{
        "p":0.9166666667,
        "r":0.55,
        "f":0.6875
      },
      "B-ORG":{
        "p":0.3333333333,
        "r":0.1666666667,
        "f":0.2222222222
      },
      "B-PHOE":{
        "p":0.0,
        "r":0.0,
        "f":0.0
      },
      "B-WEB":{
        "p":0.7777777778,
        "r":0.5,
        "f":0.6086956522
      },
      "I-EMAIL":{
        "p":1.0,
        "r":0.3333333333,
        "f":0.5
      },
      "NAME":{
        "p":0.0,
        "r":0.0,
        "f":0.0
      }
    },
    "tok2vec_loss":434.240218465,
    "ner_loss":339.5932617188
  }
}