{
  "lang":"en",
  "name":"pipeline",
  "version":"0.0.0",
  "spacy_version":">=3.8.2,<3.9.0",
  "description":"",
  "author":"",
  "email":"",
  "url":"",
  "license":"",
  "spacy_git_version":"63f1b53",
  "vectors":{
    "width":0,
    "vectors":0,
    "keys":0,
    "name":null,
    "mode":"default"
  },
  "labels":{
    "tok2vec":[

    ],
    "ner":[
      "B-DES",
      "B-EMAIL",
      "B-NAME",
      "B-ORG",
      "B-PHOE",
      "B-PHONE",
      "B-WEB",
      "DES",
      "EMAIL",
      "I-DE",
      "I-DES",
      "I-EMAIL",
      "I-NAME",
      "I-OR",
      "I-ORG",
      "I-PHONE",
      "I-WEB",
      "NAME",
      "ORG",
      "PHONE",
      "WEB"
    ]
  },
  "pipeline":[
    "tok2vec",
    "ner"
  ],
  "components":[
    "tok2vec",
    "ner"
  ],
  "disabled":[

  ],
  "performance":{
    "ents_f":0.5770750988,
    "ents_p":0.6239316239,
    "ents_r":0.5367647059,
    "ents_per_type":{
      "B-ORG":{
        "p":0.5384615385,
        "r":0.2916666667,
        "f":0.3783783784
      },
      "I-ORG":{
        "p":0.5535714286,
        "r":0.4769230769,
        "f":0.5123966942
      },
      "I-NAME":{
        "p":0.75,
        "r":0.6923076923,
        "f":0.72
      },
      "B-DES":{
        "p":0.6923076923,
        "r":0.5294117647,
        "f":0.6
      },
      "I-DES":{
        "p":0.5357142857,
        "r":0.652173913,
        "f":0.5882352941
      },
      "B-PHONE":{
        "p":0.6875,
        "r":0.5789473684,
        "f":0.6285714286
      },
      "B-EMAIL":{
        "p":0.8333333333,
        "r":0.75,
        "f":0.7894736842
      },
      "I-PHONE":{
        "p":0.4444444444,
        "r":0.48,
        "f":0.4615384615
      },
      "B-NAME":{
        "p":0.75,
        "r":0.5294117647,
        "f":0.6206896552
      },
      "B-PHOE":{
        "p":0.0,
        "r":0.0,
        "f":0.0
      },
      "B-WEB":{
        "p":1.0,
        "r":0.5,
        "f":0.6666666667
      },
      "NAME":{
        "p":0.0,
        "r":0.0,
        "f":0.0
      },
      "I-EMAIL":{
        "p":1.0,
        "r":0.3333333333,
        "f":0.5
      }
    },
    "tok2vec_loss":559.894748931,
    "ner_loss":400.4346313477
  }
}